{
  "timestamp": "2026-03-30T01:14:50.657992",
  "topic": "Eros (Amor)",
  "rounds": 25,
  "agents": [
    "S\u00f3crates",
    "Fedro",
    "Paus\u00e2nias",
    "Erix\u00edmaco",
    "Arist\u00f3fanes",
    "Agaton",
    "Di\u00f3tima",
    "Alcib\u00edades",
    "Contador Carlos",
    "T\u00e9cnico Tiago",
    "Padre Pedro",
    "Comunista Carlos",
    "Matem\u00e1tico Euler",
    "Pin\u00f3quio",
    "Dr. Who"
  ],
  "deepseek_used": true,
  "metrics": {
    "bytes_1337": 17339,
    "bytes_en": 89812,
    "compression": 5.1798,
    "cogon_msgs": 118,
    "delta_msgs": 257,
    "delta_ratio": 0.6853,
    "avg_axes_changed": 4.23,
    "bytes_saved_delta": 29255,
    "tokens_in": 32850,
    "tokens_out": 24937,
    "tokens_total": 57787,
    "cost_english_usd": 0.0363,
    "cost_1337_usd": 0.0,
    "duration_ms": 313548.09,
    "throughput_msgs_s": 1.2
  },
  "convergence_history": [
    0.0697,
    0.0651,
    0.065,
    0.0677,
    0.0615,
    0.064,
    0.0671,
    0.071,
    0.0747,
    0.0641,
    0.0667,
    0.0656,
    0.0624,
    0.0715,
    0.0663,
    0.0623,
    0.0659,
    0.0678,
    0.0636,
    0.0716,
    0.0672,
    0.0653,
    0.0617,
    0.0717,
    0.0678
  ],
  "per_agent": {
    "socrates": {
      "bytes_1337": 780,
      "bytes_en": 1786,
      "tokens_in": 2075,
      "tokens_out": 486,
      "cost_usd": 0.001095,
      "msgs": 25,
      "delta": 9,
      "compression": 2.29
    },
    "phaedrus": {
      "bytes_1337": 1344,
      "bytes_en": 5594,
      "tokens_in": 2100,
      "tokens_out": 1541,
      "cost_usd": 0.002262,
      "msgs": 25,
      "delta": 21,
      "compression": 4.162
    },
    "pausanias": {
      "bytes_1337": 1433,
      "bytes_en": 6570,
      "tokens_in": 2350,
      "tokens_out": 1965,
      "cost_usd": 0.002796,
      "msgs": 25,
      "delta": 23,
      "compression": 4.585
    },
    "eryximachus": {
      "bytes_1337": 810,
      "bytes_en": 6047,
      "tokens_in": 2025,
      "tokens_out": 1626,
      "cost_usd": 0.002335,
      "msgs": 25,
      "delta": 9,
      "compression": 7.465
    },
    "aristophanes": {
      "bytes_1337": 892,
      "bytes_en": 5905,
      "tokens_in": 2100,
      "tokens_out": 1592,
      "cost_usd": 0.002318,
      "msgs": 25,
      "delta": 10,
      "compression": 6.62
    },
    "agathon": {
      "bytes_1337": 936,
      "bytes_en": 5549,
      "tokens_in": 2100,
      "tokens_out": 1700,
      "cost_usd": 0.002437,
      "msgs": 25,
      "delta": 12,
      "compression": 5.928
    },
    "diotima": {
      "bytes_1337": 1493,
      "bytes_en": 6960,
      "tokens_in": 2250,
      "tokens_out": 2012,
      "cost_usd": 0.002821,
      "msgs": 25,
      "delta": 23,
      "compression": 4.662
    },
    "alcibiades": {
      "bytes_1337": 1441,
      "bytes_en": 5748,
      "tokens_in": 2325,
      "tokens_out": 1751,
      "cost_usd": 0.002554,
      "msgs": 25,
      "delta": 22,
      "compression": 3.989
    },
    "accountant": {
      "bytes_1337": 1076,
      "bytes_en": 5283,
      "tokens_in": 2075,
      "tokens_out": 1367,
      "cost_usd": 0.002064,
      "msgs": 25,
      "delta": 17,
      "compression": 4.91
    },
    "tech_guy": {
      "bytes_1337": 1187,
      "bytes_en": 6617,
      "tokens_in": 2075,
      "tokens_out": 1574,
      "cost_usd": 0.002292,
      "msgs": 25,
      "delta": 20,
      "compression": 5.575
    },
    "priest": {
      "bytes_1337": 1202,
      "bytes_en": 7486,
      "tokens_in": 2150,
      "tokens_out": 2036,
      "cost_usd": 0.00282,
      "msgs": 25,
      "delta": 20,
      "compression": 6.228
    },
    "communist": {
      "bytes_1337": 1346,
      "bytes_en": 5998,
      "tokens_in": 2150,
      "tokens_out": 1512,
      "cost_usd": 0.002244,
      "msgs": 25,
      "delta": 22,
      "compression": 4.456
    },
    "mathematician": {
      "bytes_1337": 1486,
      "bytes_en": 8767,
      "tokens_in": 2300,
      "tokens_out": 2481,
      "cost_usd": 0.00335,
      "msgs": 25,
      "delta": 22,
      "compression": 5.9
    },
    "pinocchio": {
      "bytes_1337": 1059,
      "bytes_en": 5699,
      "tokens_in": 2375,
      "tokens_out": 1660,
      "cost_usd": 0.002467,
      "msgs": 25,
      "delta": 16,
      "compression": 5.381
    },
    "drwho": {
      "bytes_1337": 854,
      "bytes_en": 5803,
      "tokens_in": 2400,
      "tokens_out": 1634,
      "cost_usd": 0.002445,
      "msgs": 25,
      "delta": 11,
      "compression": 6.795
    }
  }
}